field,dtype,distinct,type_ok,unexpected_categories
age,int64,78,True,
job,object,12,True,
marital,object,4,True,
education,object,8,True,
default,object,3,True,
housing,object,3,True,
loan,object,3,True,
contact,object,2,True,
month,object,10,True,
day_of_week,object,5,True,
duration,int64,1544,True,
campaign,int64,42,True,
pdays,int64,27,True,
previous,int64,8,True,
poutcome,object,3,True,
emp.var.rate,float64,10,True,
cons.price.idx,float64,26,True,
cons.conf.idx,float64,26,True,
euribor3m,float64,316,True,
nr.employed,float64,11,True,
y,object,2,True,
